instructor_id,first_name,last_name,email,dept_id
1,Gabriela,Simmons,hfigueroa@example.org,6
2,Beverly,Maynard,tanyarice@example.com,3
3,Diane,Sullivan,brianhansen@example.org,1
4,Carol,Taylor,travisgeorge@example.org,6
5,Lauren,Woodard,nsingh@example.com,6
6,Jennifer,Christensen,michellemiller@example.org,4
7,Karen,Miller,scott17@example.net,1
8,John,Myers,mcdanielmichael@example.com,5
9,Gregory,Weiss,nancy86@example.org,9
10,Emily,Brooks,uoneill@example.net,4
11,Jacqueline,Garrett,cbaxter@example.net,4
12,Joseph,Young,jeffrey31@example.net,5
13,Caroline,Morrison,nphelps@example.net,1
14,Joe,Oliver,shawn45@example.com,3
15,Richard,Whitney,johndoyle@example.net,5
16,Lindsey,Brown,jgoodwin@example.com,7
17,Lisa,Clark,georgecooley@example.org,4
18,Kimberly,Johnson,cassidywhite@example.net,10
19,Carla,Austin,alejandrojackson@example.org,8
20,Jeffrey,Cox,robin25@example.net,8
21,Kathryn,Park,pachecoadrienne@example.com,2
22,Kathryn,Williams,chenson@example.org,4
23,Sherry,Jones,harperjames@example.org,6
24,Victoria,Rodriguez,trevorhampton@example.com,2
25,Diamond,French,thorton@example.net,10
26,Tammy,Williams,adkinshailey@example.com,6
27,Brett,Bruce,ralphmiller@example.com,5
28,Hannah,Owen,tsalas@example.com,8
29,Courtney,Wood,latoyawilliams@example.com,3
30,Kimberly,Morgan,phillip37@example.com,7
31,Amy,Johnson,farmerjesse@example.org,7
32,Joseph,Martinez,iholt@example.net,1
33,Kara,Johnson,njohnson@example.org,8
34,Jesus,Fields,amanda97@example.com,10
35,Michael,Christensen,floresroberto@example.org,2
36,Jessica,Nunez,djohnson@example.net,3
37,Mariah,Reeves,carlos91@example.net,3
38,Heather,Wilcox,turnerbrooke@example.com,6
39,Robert,Martinez,gbrown@example.net,6
40,Angela,Delacruz,anthony82@example.net,2
41,David,Wilson,john54@example.net,1
42,Michael,Dickerson,diazashley@example.org,5
43,Derrick,Walker,hicksandrew@example.net,10
44,Steven,Russell,egriffith@example.net,3
45,Scott,Warner,rsimmons@example.com,5
46,Ryan,Gill,panderson@example.net,10
47,Courtney,Richardson,joneskaren@example.net,9
48,Nathan,Wise,travisstafford@example.net,2
49,Elizabeth,Reese,lduncan@example.net,7
50,Stephanie,Flynn,briley@example.com,3
51,Kyle,Powell,walterhurst@example.com,7
52,Michael,Barnes,lrichards@example.org,6
53,Jonathan,Casey,collinlewis@example.org,9
54,Joan,West,sherylcunningham@example.org,1
55,Steven,Young,kimberlyharris@example.org,4
56,Mario,Mason,natalieramirez@example.net,10
57,Jessica,Wheeler,ereyes@example.org,7
58,Henry,Turner,cynthiahiggins@example.com,7
59,Danny,Page,deborahbaldwin@example.com,4
60,Victoria,Juarez,ydavis@example.net,10
61,Rachel,Garcia,iconner@example.net,4
62,Christina,Weiss,dale43@example.com,3
63,Edward,Schwartz,lesliehodges@example.com,8
64,Joseph,Hart,kelleyjamie@example.com,3
65,Matthew,Fox,fernandotyler@example.org,7
66,Jennifer,Crawford,paynekathy@example.com,6
67,Sarah,Mcdonald,droberts@example.net,3
68,Cynthia,Davidson,denisemills@example.net,6
69,Elizabeth,Porter,nmiller@example.com,2
70,David,Hudson,richard86@example.net,1
71,John,Smith,annavance@example.net,10
72,Kristina,Bowen,hawkinssandra@example.com,4
73,Jason,Kennedy,nicolekirk@example.org,10
74,Julie,Martinez,barberstephanie@example.com,3
75,Sarah,Allen,alexandra85@example.org,10
76,Samuel,Dorsey,porteredward@example.net,2
77,Melvin,Smith,mjacobs@example.org,3
78,John,Stanley,cherylhodge@example.com,7
79,Matthew,Oconnor,ustuart@example.net,2
80,Ricky,Haas,rodgersthomas@example.org,4
81,Shannon,Schultz,qsmith@example.net,2
82,Heather,Price,henrynguyen@example.net,7
83,Calvin,Martinez,amberwu@example.org,7
84,Robin,Dominguez,lmaldonado@example.org,8
85,Brittany,Bailey,crosbykristin@example.com,8
86,Deborah,Mitchell,jonathanmiller@example.net,9
87,Amanda,Hull,bruce09@example.org,4
88,Amy,Todd,adam35@example.net,2
89,Jeremy,Williamson,aaron66@example.net,8
90,Allison,Baker,milleranthony@example.net,6
91,Wendy,Patrick,rhonda67@example.net,1
92,Amy,Torres,angelacunningham@example.com,7
93,Henry,Thomas,patricia31@example.net,6
94,Mary,Sweeney,laurawhite@example.org,2
95,Daniel,Vazquez,srichards@example.com,5
96,Maria,Barrera,erin25@example.org,6
97,Daniel,Conley,bcobb@example.org,6
98,Heather,Foster,annettecook@example.com,8
99,Antonio,Monroe,xhooper@example.net,9
100,Sherri,Roberson,brittney36@example.net,7
